STATE/UT,YEAR,JANUARY,FEBRUARY,MARCH,APRIL,MAY,JUNE,JULY,AUGUST,SEPTEMBER,OCTOBER,NOVEMBER,DECEMBER,TOTAL,mean accidents,STATE_TOTAL,jan_mar,apr_june,jul_sep,oct_dec,
A & N Islands,2001,8,23,15,15,14,19,14,19,7,12,13,22,181,168.7857143,2893,46,48,40,47,
A & N Islands,2002,12,10,14,16,10,7,16,11,23,21,11,17,168,167,,36,33,50,49,
A & N Islands,2003,19,13,15,13,13,12,8,16,17,25,14,15,180,168.7857143,,47,38,41,54,
A & N Islands,2004,21,14,22,17,13,18,16,19,16,20,15,24,215,173.8571429,,57,48,51,59,
A & N Islands,2005,19,21,22,17,13,19,21,14,15,19,10,16,206,172.6428571,,62,49,50,45,
A & N Islands,2006,21,13,4,22,9,14,12,14,8,14,6,18,155,165.4285714,,38,45,34,38,1269.391981
A & N Islands,2007,17,16,12,22,12,14,8,10,11,7,11,12,152,165.0714286,,45,48,29,30,
A & N Islands,2008,17,22,15,16,15,17,13,11,13,17,11,24,191,170.7142857,,54,48,37,52,
A & N Islands,2009,16,23,23,21,21,19,24,25,31,22,20,26,271,182.2142857,,62,61,80,68,
A & N Islands,2010,16,30,28,15,29,24,22,18,25,30,27,21,285,184.2857143,,74,68,65,78,
A & N Islands,2011,24,10,19,24,13,28,17,18,25,17,18,22,235,177.2142857,,53,65,60,57,
A & N Islands,2012,25,15,24,24,18,16,17,18,18,25,17,19,236,177.4285714,,64,58,53,61,
A & N Islands,2013,24,23,16,15,13,16,14,25,14,15,14,11,200,172.3571429,,63,44,53,40,
A & N Islands,2014,25,13,19,19,18,15,15,16,15,23,18,22,218,175,,57,52,46,63,
Andhra Pradesh,2001,2204,2437,2405,2351,2550,2284,2025,2077,2070,2276,2122,2387,27188,4026.928571,546821,7046,7185,6172,6785,
Andhra Pradesh,2002,2492,2453,2835,2786,3195,2880,2645,2607,2555,2624,2646,2859,32577,4796.857143,,7780,8861,7807,8129,
Andhra Pradesh,2003,2783,2569,2870,2635,3265,2924,2657,2934,2767,2881,3037,3215,34537,5076.928571,,8222,8824,8358,9133,
Andhra Pradesh,2004,3019,3131,3211,3100,3257,2942,2827,3079,2972,3041,3129,3370,37078,5440,,9361,9299,8878,9540,
Andhra Pradesh,2005,3189,3193,3182,3056,3612,3247,2907,3028,2742,2928,2975,3230,37289,5470.214286,,9564,9915,8677,9133,
Andhra Pradesh,2006,3568,3224,3496,3634,3962,3400,3334,3311,3232,3306,3268,3588,41323,6046.571429,,10288,10996,9877,10162,
Andhra Pradesh,2007,3978,3530,3728,3842,4099,3594,3519,3348,3246,3447,3617,3646,43594,6371.071429,,11236,11535,10113,10710,
Andhra Pradesh,2008,3594,3468,3848,3967,3811,3391,3260,3324,3169,3352,3319,3603,42106,6158.571429,,10910,11169,9753,10274,
Andhra Pradesh,2009,3682,3494,3775,3450,4048,3763,3412,3488,3017,3253,3298,3331,42011,6145.071429,,10951,11261,9917,9882,
Andhra Pradesh,2010,3515,3434,3749,3857,3960,3765,3206,3416,3115,3439,3397,3575,42428,6204.714286,,10698,11582,9737,10411,
Andhra Pradesh,2011,3540,3195,3584,3396,3916,3793,3237,3106,3067,3398,3442,3392,41066,6010.214286,,10319,11105,9410,10232,
Andhra Pradesh,2012,3347,3390,3693,3589,3250,3187,3160,3177,2893,3205,2985,3468,39344,5764.285714,,10430,10026,9230,9658,
Andhra Pradesh,2013,3732,3482,3715,3648,4531,3736,3018,3465,3450,3137,3432,3702,43048,6293.5,,10929,11915,9933,10271,
Andhra Pradesh,2014,3809,3657,3641,3582,3986,3664,3167,3587,3225,3410,3346,4158,43232,6319.857143,,11107,11232,9979,10914,
Arunachal Pradesh,2001,19,17,21,16,19,14,21,14,23,17,30,25,236,176.6428571,3389,57,49,58,72,
Arunachal Pradesh,2002,25,16,21,23,16,19,11,17,18,21,25,23,235,176.5714286,,62,58,46,69,
Arunachal Pradesh,2003,16,24,22,13,18,17,19,21,23,18,16,22,229,175.7857143,,62,48,63,56,
Arunachal Pradesh,2004,23,24,23,11,15,11,14,8,21,29,17,21,217,174.1428571,,70,37,43,67,
Arunachal Pradesh,2005,26,14,29,12,17,20,20,14,19,21,24,21,237,177.0714286,,69,49,53,66,
Arunachal Pradesh,2006,14,20,17,19,20,31,11,25,18,25,21,22,243,178,,51,70,54,68,
Arunachal Pradesh,2007,22,20,26,19,25,19,14,15,22,18,11,19,230,176.2142857,,68,63,51,48,
Arunachal Pradesh,2008,20,21,18,16,33,24,13,18,27,20,24,27,261,180.7142857,,59,73,58,71,
Arunachal Pradesh,2009,20,21,18,16,33,24,13,18,27,20,24,27,261,180.7857143,,59,73,58,71,
Arunachal Pradesh,2010,31,33,20,26,28,23,14,15,18,20,23,29,280,183.5714286,,84,77,47,72,
Arunachal Pradesh,2011,22,24,30,22,29,9,28,22,16,25,15,21,263,181.2142857,,76,60,66,61,
Arunachal Pradesh,2012,17,21,24,16,11,13,20,18,14,16,20,14,204,172.8571429,,62,40,52,50,
Arunachal Pradesh,2013,23,33,16,23,25,27,27,28,24,25,29,28,308,187.7857143,,72,75,79,82,
Arunachal Pradesh,2014,28,10,10,21,9,12,13,14,14,15,22,17,185,170.2857143,,48,42,41,54,
Assam,2001,141,127,202,173,176,137,140,160,132,140,132,146,1806,400.9285714,61718,470,486,432,418,
Assam,2002,196,210,185,159,182,163,144,237,180,180,222,185,2243,463.4285714,,591,504,561,587,
Assam,2003,194,143,193,180,169,180,162,167,205,188,180,184,2145,449.5,,530,529,534,552,
Assam,2004,183,172,170,160,176,168,118,170,157,167,182,179,2002,429.1428571,,525,504,445,528,
Assam,2005,307,334,317,287,306,308,297,354,286,311,287,262,3656,665.5,,958,901,937,860,
Assam,2006,297,333,365,318,363,352,370,289,335,325,378,355,4080,726.1428571,,995,1033,994,1058,
Assam,2007,383,358,392,395,375,331,299,305,296,308,275,278,3995,714.0714286,,1133,1101,900,861,
Assam,2008,375,381,399,363,339,326,371,370,344,308,346,340,4262,752.2857143,,1155,1028,1085,994,
Assam,2009,388,385,400,377,394,376,393,331,387,405,367,382,4585,798.5,,1173,1147,1111,1154,
Assam,2010,418,450,496,452,396,416,455,454,504,525,451,468,5485,927.1428571,,1364,1264,1413,1444,
Assam,2011,554,545,607,515,518,557,502,515,532,551,590,583,6569,1082.071429,,1706,1590,1549,1724,
Assam,2012,590,599,605,601,567,536,486,458,418,544,543,588,6535,1077.285714,,1794,1704,1362,1675,
Assam,2013,634,555,603,632,595,580,535,552,601,697,635,592,7211,1173.928571,,1792,1807,1688,1924,
Assam,2014,658,615,689,612,566,531,573,528,460,670,638,604,7144,1164.428571,,1962,1709,1561,1912,
Bihar,2001,325,361,474,336,528,417,329,336,317,289,317,305,4334,762.0714286,92648,1160,1281,982,911,
Bihar,2002,380,366,401,391,560,477,362,303,227,290,326,289,4372,767.5714286,,1147,1428,892,905,
Bihar,2003,337,340,368,359,440,429,326,241,255,263,258,286,3902,700.5,,1045,1228,822,807,
Bihar,2004,296,349,407,308,413,392,253,258,320,290,297,307,3890,698.8571429,,1052,1113,831,894,
Bihar,2005,262,254,354,340,463,381,310,263,241,255,301,322,3746,678.3571429,,870,1184,814,878,
Bihar,2006,306,348,395,389,439,386,363,341,320,381,380,334,4382,769.2857143,,1049,1214,1024,1095,
Bihar,2007,443,464,505,518,635,551,438,375,347,427,484,444,5631,947.7857143,,1412,1704,1160,1355,
Bihar,2008,447,485,612,583,621,529,441,465,422,487,591,497,6180,1026.285714,,1544,1733,1328,1575,
Bihar,2009,543,706,754,595,925,911,712,592,574,634,699,721,8366,1338.642857,,2003,2431,1878,2054,
Bihar,2010,610,698,722,650,833,1034,723,689,546,606,665,665,8441,1349.428571,,2030,2517,1958,1936,
Bihar,2011,750,808,964,737,964,880,769,644,618,759,773,689,9355,1480.071429,,2522,2581,2031,2221,
Bihar,2012,799,905,915,1027,909,1003,822,787,728,763,837,825,10320,1618,,2619,2939,2337,2425,
Bihar,2013,800,792,815,813,1269,913,882,758,735,765,845,811,10198,1600.642857,,2407,2995,2375,2421,
Bihar,2014,777,742,852,714,985,1002,757,662,685,720,829,806,9531,1505.428571,,2371,2701,2104,2355,
Chandigarh,2001,48,25,34,47,48,46,34,31,53,37,38,52,493,213.3571429,6411,107,141,118,127,
Chandigarh,2002,33,42,47,42,39,34,45,46,39,38,41,48,494,213.5714286,,122,115,130,127,
Chandigarh,2003,43,35,38,40,36,32,29,36,39,43,41,31,443,206.3571429,,116,108,104,115,
Chandigarh,2004,27,36,40,23,36,26,29,34,40,37,45,38,411,201.8571429,,103,85,103,120,
Chandigarh,2005,46,38,32,27,43,44,41,50,56,52,55,44,528,218.6428571,,116,114,147,151,
Chandigarh,2006,52,42,43,42,51,42,31,43,45,46,34,50,521,217.7142857,,137,135,119,130,
Chandigarh,2007,36,39,50,39,48,35,45,48,55,60,48,33,536,219.9285714,,125,122,148,141,
Chandigarh,2008,38,34,46,45,42,39,38,46,36,42,34,37,477,211.5714286,,118,126,120,113,
Chandigarh,2009,35,32,41,25,26,29,37,35,50,38,40,36,424,204.0714286,,108,80,122,114,
Chandigarh,2010,31,39,40,35,31,33,31,30,36,54,44,52,456,208.7142857,,110,99,97,150,
Chandigarh,2011,27,46,40,37,49,35,35,27,26,45,24,50,441,206.6428571,,113,121,88,119,
Chandigarh,2012,34,41,29,40,26,30,36,43,30,35,35,33,412,202.5714286,,104,96,109,103,
Chandigarh,2013,36,27,38,43,40,34,38,31,30,31,37,24,409,202.2142857,,101,117,99,92,
Chandigarh,2014,35,22,31,40,32,25,22,32,38,31,28,30,366,196.1428571,,88,97,92,89,
Chhattisgarh,2001,428,385,403,448,504,425,367,371,400,425,393,438,4987,855.3571429,117817,1216,1377,1138,1256,
Chhattisgarh,2002,477,439,522,511,584,468,434,444,448,515,453,506,5801,971.7142857,,1438,1563,1326,1474,
Chhattisgarh,2003,649,565,589,647,629,613,586,524,501,595,543,582,7023,1146.357143,,1803,1889,1611,1720,
Chhattisgarh,2004,553,532,534,586,592,501,409,437,439,532,483,477,6075,1011,,1619,1679,1285,1492,
Chhattisgarh,2005,472,513,537,513,566,530,558,421,435,496,483,472,5996,999.7857143,,1522,1609,1414,1451,
Chhattisgarh,2006,624,611,607,631,710,598,534,534,507,575,607,573,7111,1159.142857,,1842,1939,1575,1755,
Chhattisgarh,2007,787,632,638,729,701,630,619,544,642,660,599,656,7837,1262.928571,,2057,2060,1805,1915,
Chhattisgarh,2008,773,712,746,859,848,704,659,589,706,783,655,735,8769,1396.142857,,2231,2411,1954,2173,
Chhattisgarh,2009,721,689,643,689,710,670,639,595,617,642,659,639,7913,1273.928571,,2053,2069,1851,1940,
Chhattisgarh,2010,670,627,671,652,705,612,655,606,605,684,655,660,7802,1258.142857,,1968,1969,1866,1999,
Chhattisgarh,2011,868,795,804,725,903,793,747,660,636,770,723,771,9195,1457.214286,,2467,2421,2043,2264,
Chhattisgarh,2012,1253,1161,1175,1188,1182,1121,1103,990,1016,1107,1084,1131,13511,2073.857143,,3589,3491,3109,3322,
Chhattisgarh,2013,1384,1269,1288,1139,1209,1131,1025,1029,1005,1042,1046,1090,13657,2094.785714,,3941,3479,3059,3178,
Chhattisgarh,2014,1167,1110,1000,1020,1149,1051,934,877,910,1005,973,944,12140,1878.142857,,3277,3220,2721,2922,
D & N Haveli,2001,6,11,6,8,9,7,4,7,9,8,5,7,87,155.3571429,1303,23,24,20,20,
D & N Haveli,2002,10,6,3,5,12,9,6,5,6,3,9,6,80,154.4285714,,19,26,17,18,
D & N Haveli,2003,6,10,6,4,8,5,1,6,4,8,8,7,73,153.5,,22,17,11,23,
D & N Haveli,2004,6,10,12,11,10,8,7,5,11,14,5,12,111,159,,28,29,23,31,
D & N Haveli,2005,13,13,9,3,10,16,12,11,5,10,10,15,127,161.3571429,,35,29,28,35,
D & N Haveli,2006,9,5,13,8,5,8,9,6,10,7,9,14,103,158,,27,21,25,30,
D & N Haveli,2007,12,7,14,6,7,10,8,14,14,13,0,11,116,159.9285714,,33,23,36,24,
D & N Haveli,2008,10,15,12,8,14,8,8,9,5,7,9,11,116,160,,37,30,22,27,
D & N Haveli,2009,6,5,2,3,4,4,3,3,0,4,6,5,45,149.9285714,,13,11,6,15,
D & N Haveli,2010,9,10,4,7,5,7,10,4,2,6,7,8,79,154.8571429,,23,19,16,21,
D & N Haveli,2011,12,7,6,8,9,10,6,7,8,10,7,13,103,158.3571429,,25,27,21,30,
D & N Haveli,2012,7,11,15,7,5,7,4,5,9,7,2,6,85,155.8571429,,33,19,18,15,
D & N Haveli,2013,11,5,11,8,5,7,6,8,8,9,5,8,91,156.7857143,,27,20,22,22,
D&N Haveli,2014,6,7,7,10,9,4,8,7,7,8,8,6,87,156.2857143,,20,23,22,22,
Daman & Diu,2001,2,1,4,2,3,5,3,3,4,3,4,1,35,147.9285714,643,7,10,10,8,
Daman & Diu,2002,5,3,8,6,4,4,10,1,5,5,5,12,68,152.7142857,,16,14,16,22,
Daman & Diu,2003,6,8,5,4,3,5,16,4,4,7,4,6,72,153.3571429,,19,12,24,17,
Daman & Diu,2004,8,2,2,2,3,6,5,3,2,3,8,3,47,149.8571429,,12,11,10,14,
Daman & Diu,2005,5,6,4,6,5,4,0,5,3,4,7,8,57,151.3571429,,15,15,8,19,
Daman & Diu,2006,6,7,4,9,9,2,4,3,2,5,5,1,57,151.4285714,,17,20,9,11,
Daman & Diu,2007,8,4,4,7,5,4,5,7,3,4,6,3,60,151.9285714,,16,16,15,13,
Daman & Diu,2008,3,2,9,9,3,1,2,2,3,5,7,4,50,150.5714286,,14,13,7,16,
Daman & Diu,2009,2,2,2,2,1,2,2,1,1,1,2,3,21,146.5,,6,5,4,6,
Daman & Diu,2010,6,2,0,2,4,4,2,2,4,1,3,6,36,148.7142857,,8,10,8,10,
Daman & Diu,2011,2,2,2,1,1,1,1,2,2,2,2,3,21,146.6428571,,6,3,5,7,
Daman & Diu,2012,7,3,5,5,3,4,5,1,2,1,7,7,50,150.8571429,,15,12,8,15,
Daman & Diu,2013,6,2,2,4,1,4,1,1,5,2,2,0,30,148.0714286,,10,9,7,4,
Daman & Diu,2014,6,4,3,3,2,2,0,5,1,5,2,6,39,149.4285714,,13,7,6,13,
Delhi (Ut),2001,707,681,786,762,810,779,763,811,780,821,798,784,9282,1468.928571,119274,2174,2351,2354,2403,
Delhi (Ut),2002,695,710,847,698,702,665,768,801,706,724,669,725,8710,1387.285714,,2252,2065,2275,2118,
Delhi (Ut),2003,638,645,689,714,719,747,785,803,791,859,778,701,8869,1410.071429,,1972,2180,2379,2338,
Delhi (Ut),2004,730,746,755,719,747,766,727,793,761,778,843,745,9110,1444.571429,,2231,2232,2281,2366,
Delhi (Ut),2005,777,722,850,698,815,773,806,900,831,780,835,793,9580,1511.785714,,2349,2286,2537,2408,
Delhi (Ut),2006,718,726,868,779,796,754,846,863,804,832,865,848,9699,1528.857143,,2312,2329,2513,2545,
Delhi (Ut),2007,818,809,839,786,752,757,834,768,833,1196,921,1215,10528,1647.357143,,2466,2295,2435,3332,
Delhi (Ut),2008,698,696,780,747,713,691,731,721,707,704,671,707,8566,1367.142857,,2174,2151,2159,2082,
Delhi (Ut),2009,607,632,644,646,657,565,610,707,609,639,642,656,7614,1231.214286,,1883,1868,1926,1937,
Delhi (Ut),2010,559,574,616,569,639,545,640,600,574,614,652,638,7220,1175,,1749,1753,1814,1904,
Delhi (Ut),2011,562,619,631,575,606,570,633,637,589,685,593,580,7280,1183.642857,,1812,1751,1859,1858,
Delhi (Ut),2012,540,544,570,556,554,556,571,554,658,603,625,606,6937,1134.714286,,1654,1666,1783,1834,
Delhi (Ut),2013,590,553,613,589,635,612,644,593,622,687,703,728,7569,1225.071429,,1756,1836,1859,2118,
Delhi Ut,2014,643,698,801,632,661,658,624,744,742,687,720,700,8310,1331,,2142,1951,2110,2107,
Goa,2001,124,115,111,108,131,95,95,101,108,117,122,148,1375,339.3571429,44931,350,334,304,387,
Goa,2002,99,100,95,113,105,74,65,95,102,113,121,119,1201,314.5714286,,294,292,262,353,
Goa,2003,173,151,151,121,166,113,99,121,116,146,166,155,1678,382.7857143,,475,400,336,467,
Goa,2004,148,127,122,130,143,104,104,120,121,120,139,164,1542,363.4285714,,397,377,345,423,
Goa,2005,93,75,88,100,100,80,64,81,79,84,110,115,1069,295.9285714,,256,280,224,309,
Goa,2006,341,323,314,300,408,268,263,272,291,303,307,359,3749,678.8571429,,978,976,826,969,
Goa,2007,365,362,332,375,392,299,245,274,335,320,353,370,4022,717.9285714,,1059,1066,854,1043,
Goa,2008,396,350,384,354,400,309,276,326,305,340,339,400,4179,740.4285714,,1130,1063,907,1079,
Goa,2009,389,351,370,327,370,306,279,302,324,323,371,458,4170,739.2142857,,1110,1003,905,1152,
Goa,2010,472,411,392,393,422,307,294,346,334,381,388,434,4574,797,,1275,1122,974,1203,
Goa,2011,486,400,370,369,421,353,307,331,312,373,395,444,4561,795.2142857,,1256,1143,950,1212,
Goa,2012,428,317,343,332,393,328,309,357,346,339,391,405,4288,756.2857143,,1088,1053,1012,1135,
Goa,2013,418,372,380,336,361,300,291,327,376,346,376,410,4293,757.0714286,,1170,997,994,1132,
Goa,2014,433,359,349,349,367,354,322,324,285,312,354,422,4230,748.1428571,,1141,1070,931,1088,
Gujarat,2001,1657,1600,1791,1744,1935,1566,1420,1533,1448,1602,1769,1743,19808,2972.642857,300325,5048,5245,4401,5114,
Gujarat,2002,1652,1529,1186,1446,1840,1723,1498,1515,1434,1616,1644,1657,18740,2820.142857,,4367,5009,4447,4917,
Gujarat,2003,1616,1457,1456,1395,1780,1499,1276,1439,1404,1620,1501,1659,18102,2729.071429,,4529,4674,4119,4780,
Gujarat,2004,1669,1580,1601,1606,1771,1493,1357,1119,1471,1476,1673,1662,18478,2782.857143,,4850,4870,3947,4811,
Gujarat,2005,1586,1575,1625,1583,1928,1559,1321,1342,1292,1477,1661,1592,18541,2791.928571,,4786,5070,3955,4730,
Gujarat,2006,1706,1557,1721,1703,1950,1512,1323,1172,1423,1575,1578,1724,18944,2849.571429,,4984,5165,3918,4877,
Gujarat,2007,1898,1743,1918,1959,2169,1806,1509,1505,1613,1732,1867,1714,21433,3205.214286,,5559,5934,4627,5313,
Gujarat,2008,1843,1878,1943,1969,2091,1782,1562,1461,1471,1722,1605,1700,21027,3147.285714,,5664,5842,4494,5027,
Gujarat,2009,1742,1603,1743,1628,1937,1640,1339,1594,1613,1752,1674,1836,20101,3015.071429,,5088,5205,4546,5262,
Gujarat,2010,1892,1716,1803,1717,2042,1730,1469,1310,1391,1639,1860,1929,20498,3071.857143,,5411,5489,4170,5428,
Gujarat,2011,2626,2601,2629,2447,3056,2558,2346,2212,2169,2617,2524,2414,30199,4457.785714,,7856,8061,6727,7555,
Gujarat,2012,2549,2483,2370,2400,2486,2313,2098,2076,1948,2153,2294,2097,27267,4039,,7402,7199,6122,6544,
Gujarat,2013,2357,2189,2266,2189,2405,2142,1788,1821,1848,1931,2051,2048,25035,3720.214286,,6812,6736,5457,6030,
Gujarat,2014,2023,1978,2039,1846,2127,1988,1673,1633,1506,1817,1678,1844,22152,3308.428571,,6040,5961,4812,5339,
Haryana,2001,481,506,517,543,543,520,540,509,540,542,571,561,6373,1053.357143,131921,1504,1606,1589,1674,
Haryana,2002,513,524,595,593,583,641,586,596,559,657,615,625,7087,1155.428571,,1632,1817,1741,1897,
Haryana,2003,468,512,534,528,581,480,545,493,542,568,662,511,6424,1060.785714,,1514,1589,1580,1741,
Haryana,2004,591,657,658,629,633,673,669,659,655,685,692,707,7908,1272.857143,,1906,1935,1983,2084,
Haryana,2005,626,514,604,598,692,634,664,682,565,704,703,696,7682,1240.642857,,1744,1924,1911,2103,
Haryana,2006,792,736,854,855,876,858,823,861,847,939,878,943,10262,1609.285714,,2382,2589,2531,2760,
Haryana,2007,825,780,839,839,881,871,859,909,873,904,834,902,10316,1617.071429,,2444,2591,2641,2640,
Haryana,2008,911,869,1001,998,951,847,899,909,910,1052,939,955,11241,1749.285714,,2781,2796,2718,2946,
Haryana,2009,808,963,982,928,973,977,931,929,875,966,1080,1015,11427,1775.928571,,2753,2878,2735,3061,
Haryana,2010,883,897,1035,936,932,933,892,925,816,998,939,975,11161,1738,,2815,2801,2633,2912,
Haryana,2011,830,896,891,818,899,869,842,829,874,978,911,916,10553,1651.214286,,2617,2586,2545,2805,
Haryana,2012,759,819,865,841,841,791,799,791,761,862,870,972,9971,1568.142857,,2443,2473,2351,2704,
Haryana,2013,819,711,891,861,920,799,888,784,847,959,1025,969,10473,1639.928571,,2421,2580,2519,2953,
Haryana,2014,892,881,963,911,939,906,955,916,871,891,962,956,11043,1721.428571,,2736,2756,2742,2809,
Himachal Pradesh,2001,137,131,164,156,184,207,201,167,195,227,176,165,2110,444.3571429,37105,432,547,563,568,
Himachal Pradesh,2002,135,138,183,176,230,241,216,220,189,176,184,193,2281,468.8571429,,456,647,625,553,
Himachal Pradesh,2003,149,145,159,160,205,207,259,239,234,189,217,196,2359,480.0714286,,453,572,732,602,
Himachal Pradesh,2004,173,183,191,207,225,231,226,208,239,230,214,188,2515,502.4285714,,547,663,673,632,
Himachal Pradesh,2005,162,143,185,166,213,241,203,261,214,218,215,180,2401,486.2142857,,490,620,678,613,
Himachal Pradesh,2006,161,161,215,229,240,209,203,193,199,224,183,199,2416,488.4285714,,537,678,595,606,
Himachal Pradesh,2007,181,167,183,207,222,227,246,220,256,256,222,195,2582,512.2142857,,531,656,722,673,
Himachal Pradesh,2008,166,132,135,179,151,174,178,166,157,210,169,165,1982,426.5714286,,433,504,501,544,
Himachal Pradesh,2009,213,252,233,236,283,299,285,257,250,272,263,235,3078,583.2142857,,698,818,792,770,
Himachal Pradesh,2010,216,205,239,253,278,310,275,257,256,246,297,245,3077,583.1428571,,660,841,788,788,
Himachal Pradesh,2011,222,215,261,245,269,283,267,249,253,272,281,282,3099,586.3571429,,698,797,769,835,
Himachal Pradesh,2012,214,191,256,243,254,274,236,270,233,219,292,217,2899,557.8571429,,661,771,739,728,
Himachal Pradesh,2013,209,202,216,254,266,234,263,235,276,273,276,277,2981,569.6428571,,627,754,774,826,
Himachal Pradesh,2014,246,191,260,234,289,295,292,329,272,302,313,302,3325,618.8571429,,697,818,893,917,
Jammu & Kashmir,2001,362,485,392,372,483,448,429,410,405,423,394,408,5011,858.7857143,82820,1239,1303,1244,1225,
Jammu & Kashmir,2002,336,363,427,462,452,500,544,496,425,495,453,420,5373,910.5714286,,1126,1414,1465,1368,
Jammu & Kashmir,2003,401,380,423,468,535,550,635,551,509,498,517,421,5888,984.2142857,,1204,1553,1695,1436,
Jammu & Kashmir,2004,439,463,509,503,489,588,657,559,512,531,526,505,6281,1040.428571,,1411,1580,1728,1562,
Jammu & Kashmir,2005,444,291,384,412,484,573,559,499,525,518,508,472,5669,953.0714286,,1119,1469,1583,1498,
Jammu & Kashmir,2006,332,387,467,474,516,520,541,501,448,495,455,473,5609,944.5714286,,1186,1510,1490,1423,
Jammu & Kashmir,2007,447,409,466,485,505,573,537,527,505,508,461,451,5874,982.5,,1322,1563,1569,1420,
Jammu & Kashmir,2008,404,376,459,486,475,537,502,306,415,535,498,433,5426,918.5714286,,1239,1498,1223,1466,
Jammu & Kashmir,2009,367,364,514,460,558,503,557,560,563,600,515,451,6012,1002.357143,,1245,1521,1680,1566,
Jammu & Kashmir,2010,452,408,553,535,539,539,552,498,470,527,576,493,6142,1021,,1413,1613,1520,1596,
Jammu & Kashmir,2011,394,430,500,448,645,657,648,612,610,622,565,534,6665,1095.785714,,1324,1750,1870,1721,
Jammu & Kashmir,2012,413,460,531,533,601,631,706,590,555,557,597,463,6637,1091.857143,,1404,1765,1851,1617,
Jammu & Kashmir,2013,418,355,464,530,646,617,596,574,542,652,582,479,6455,1065.928571,,1237,1793,1712,1713,
Jammu & Kashmir,2014,414,415,424,433,506,594,563,515,415,544,517,438,5778,969.2857143,,1253,1533,1493,1499,
Jharkhand,2001,83,76,88,95,94,70,79,88,78,81,86,77,995,285.0714286,46209,247,259,245,244,
Jharkhand,2002,85,41,70,91,80,69,67,80,79,75,68,75,880,268.7142857,,196,240,226,218,
Jharkhand,2003,80,42,72,90,85,70,68,89,69,70,69,76,880,268.7857143,,194,245,226,215,
Jharkhand,2004,116,99,105,122,128,102,73,125,104,106,106,109,1295,328.1428571,,320,352,302,321,
Jharkhand,2005,228,179,295,253,325,236,220,201,165,193,232,212,2739,534.5,,702,814,586,637,
Jharkhand,2006,322,379,400,392,335,395,400,324,312,324,359,359,4301,757.7142857,,1101,1122,1036,1042,
Jharkhand,2007,429,368,398,393,513,412,310,320,311,363,312,375,4504,786.7857143,,1195,1318,941,1050,
Jharkhand,2008,230,203,225,278,355,333,265,201,276,299,297,297,3259,609,,658,966,742,893,
Jharkhand,2009,327,342,457,360,478,427,372,340,327,354,374,378,4536,791.5,,1126,1265,1039,1106,
Jharkhand,2010,252,360,357,351,383,436,365,322,333,353,336,380,4228,747.5714286,,969,1170,1020,1069,
Jharkhand,2011,323,326,338,364,408,356,316,279,287,297,316,291,3901,700.9285714,,987,1128,882,904,
Jharkhand,2012,369,374,387,457,364,396,346,355,373,381,391,432,4625,804.4285714,,1130,1217,1074,1204,
Jharkhand,2013,449,423,440,427,550,429,440,391,352,406,428,426,5161,881.0714286,,1312,1406,1183,1260,
Jharkhand,2014,399,434,418,425,454,414,391,384,341,419,373,453,4905,844.5714286,,1251,1293,1116,1245,
Karnataka,2001,2706,2600,2704,2816,3215,2783,2656,2539,2437,2582,2744,3078,32860,4837.214286,584761,8010,8814,7632,8404,
Karnataka,2002,2885,2860,2906,2995,3415,2987,2812,2875,2815,2908,2954,3249,35661,5237.428571,,8651,9397,8502,9111,
Karnataka,2003,3063,2986,2947,2940,3456,3199,2999,2994,3001,3147,3304,3475,37511,5501.785714,,8996,9595,8994,9926,
Karnataka,2004,3389,3357,3358,3180,3329,3066,3040,2893,3093,3011,3309,3726,38751,5679,,10104,9575,9026,10046,
Karnataka,2005,3457,3196,3566,3339,4075,3354,3151,3018,3184,3237,3177,3519,40273,5896.5,,10219,10768,9353,9933,
Karnataka,2006,3618,3278,3766,3693,4132,3356,3361,3473,3519,3621,3508,3955,43280,6326.142857,,10662,11181,10353,11084,
Karnataka,2007,3801,3613,3932,4274,4440,3878,3629,3619,3499,3830,3709,4110,46334,6762.5,,11346,12592,10747,11649,
Karnataka,2008,4092,3922,4203,4295,4236,3792,3634,3555,3424,3728,3540,3831,46252,6750.857143,,12217,12323,10613,11099,
Karnataka,2009,3743,3525,3898,3843,4212,3906,3501,3551,3527,3527,3787,4170,45190,6599.214286,,11166,11961,10579,11484,
Karnataka,2010,4013,3972,4212,4105,4538,3942,3648,3382,3431,3512,3733,3732,46220,6746.428571,,12197,12585,10461,10977,
Karnataka,2011,3936,3676,3775,3707,4309,3781,3577,3437,3451,3566,3603,3878,44696,6528.785714,,11387,11797,10465,11047,
Karnataka,2012,3906,3749,3715,3963,3871,3687,3375,3561,3460,3519,3613,4029,44448,6493.428571,,11370,11521,10396,11161,
Karnataka,2013,3507,3322,3437,3403,3732,3247,2964,2981,3013,3185,3267,3533,39591,5799.642857,,10266,10382,8958,9985,
Karnataka,2014,3915,3649,3805,3577,4053,3772,3421,3428,3254,3517,3442,3861,43694,6385.857143,,11369,11402,10103,10820,
Kerala,2001,3199,2935,2972,2912,2887,2829,2845,3012,3060,3048,3247,3493,36439,5348.5,518161,9106,8628,8917,9788,
Kerala,2002,3072,2739,2643,3096,3113,2754,2731,2688,2835,2897,2908,3058,34534,5076.428571,,8454,8963,8254,8863,
Kerala,2003,2894,2485,2495,2570,2614,2526,2534,2569,2612,2852,2799,2997,31947,4706.928571,,7874,7710,7715,8648,
Kerala,2004,3661,3393,3477,3411,3239,3306,3164,3334,3399,3532,3425,3762,41103,6015,,10531,9956,9897,10719,
Kerala,2005,3784,3435,3672,3594,3870,3410,3172,3452,3109,3467,3602,3728,42295,6185.357143,,10891,10874,9733,10797,
Kerala,2006,3901,3394,3711,3360,3600,3229,3139,3398,3384,3423,3516,3673,41728,6104.428571,,11006,10189,9921,10612,
Kerala,2007,3758,3459,3529,3481,3667,3145,2793,3107,2935,3207,3211,3569,39861,5837.785714,,10746,10293,8835,9987,
Kerala,2008,3433,3172,3121,3205,3210,2911,2904,2874,3077,3092,3034,3205,37238,5463.142857,,9726,9326,8855,9331,
Kerala,2009,3142,2933,3072,2877,3133,2967,2745,2851,2707,2910,2959,3161,35457,5208.785714,,9147,8977,8303,9030,
Kerala,2010,3221,2967,3180,3073,3149,2743,2641,2745,2861,2602,2897,3003,35082,5155.285714,,9368,8965,8247,8502,
Kerala,2011,3146,2929,3622,2805,3144,2767,2688,2787,2844,2476,2882,3126,35216,5174.5,,9697,8716,8319,8484,
Kerala,2012,3262,3039,2960,2942,3159,2866,2848,2929,3025,2960,2991,3193,36174,5311.428571,,9261,8967,8802,9144,
Kerala,2013,3251,3023,3090,3113,3231,2712,2595,2772,2788,2728,2789,3123,35215,5174.5,,9364,9056,8155,8640,
Kerala,2014,3332,2909,3005,2785,3162,2805,2834,2913,2911,2911,2963,3342,35872,5268.428571,,9246,8752,8658,9216,
Lakshadweep,2001,2,0,0,0,0,0,0,0,2,1,1,0,6,143.7857143,14,2,0,2,2,
Lakshadweep,2002,0,0,0,0,0,0,0,0,0,0,0,0,0,143,,0,0,0,0,
Lakshadweep,2003,0,0,0,0,0,0,0,0,0,0,1,0,1,143.2142857,,0,0,0,1,
Lakshadweep,2004,0,1,0,0,0,0,0,0,0,0,1,0,2,143.4285714,,1,0,0,1,
Lakshadweep,2005,0,0,0,0,0,0,0,0,0,0,0,0,0,143.2142857,,0,0,0,0,
Lakshadweep,2006,0,0,0,0,0,0,1,0,0,0,0,0,1,143.4285714,,0,0,1,0,
Lakshadweep,2007,1,0,0,1,0,0,0,0,0,0,0,0,2,143.6428571,,1,1,0,0,
Lakshadweep,2008,0,0,0,0,0,0,0,0,0,0,0,0,0,143.4285714,,0,0,0,0,
Lakshadweep,2009,1,0,0,0,0,0,0,0,0,0,0,0,1,143.6428571,,1,0,0,0,
Lakshadweep,2010,0,0,0,0,0,0,0,0,0,0,0,0,0,143.5714286,,0,0,0,0,
Lakshadweep,2011,0,0,0,0,0,0,0,0,0,0,0,0,0,143.6428571,,0,0,0,0,
Lakshadweep,2012,0,0,0,0,0,0,0,0,0,0,0,0,0,143.7142857,,0,0,0,0,
Lakshadweep,2013,0,0,0,0,0,0,0,0,0,0,0,0,0,143.7857143,,0,0,0,0,
Lakshadweep,2014,0,0,0,0,0,0,0,0,0,1,0,0,1,144,,0,0,0,1,
Madhya Pradesh,2001,1726,1584,1764,1728,1980,1649,1428,1372,1544,1650,1711,1576,19712,2958.928571,394007,5074,5357,4344,4937,
Madhya Pradesh,2002,1873,1871,1921,1894,2278,1987,1776,1649,1656,1927,2088,1959,22879,3411.428571,,5665,6159,5081,5974,
Madhya Pradesh,2003,1927,1763,1891,1965,2191,2064,1779,1693,1644,1923,1886,1890,22616,3373.928571,,5581,6220,5116,5699,
Madhya Pradesh,2004,2104,2048,2002,2166,2100,1970,1868,1672,1856,2039,1882,1884,23591,3513.285714,,6154,6236,5396,5805,
Madhya Pradesh,2005,1768,1797,1830,1771,2271,1931,1601,1637,1553,1902,1749,1664,21474,3210.928571,,5395,5973,4791,5315,
Madhya Pradesh,2006,2180,1967,2144,2278,2516,2159,1929,1723,1859,2050,2211,2022,25038,3720.142857,,6291,6953,5511,6283,
Madhya Pradesh,2007,2490,2288,2409,2776,2690,2482,2114,2080,2161,2323,2384,2247,28444,4206.785714,,7187,7948,6355,6954,
Madhya Pradesh,2008,3037,2883,2917,3250,3126,2718,2699,3223,2564,2958,2449,2492,34316,5045.714286,,8837,9094,8486,7899,
Madhya Pradesh,2009,2851,2742,2723,2822,3119,2742,2449,2335,2510,2829,2549,2661,32332,4762.357143,,8316,8683,7294,8039,
Madhya Pradesh,2010,2503,2494,2435,2548,2890,2682,2428,2245,2226,2583,2635,2458,30127,4447.428571,,7432,8120,6899,7676,
Madhya Pradesh,2011,2892,2547,2722,2564,3111,2533,2370,2220,2128,2544,2526,2416,30573,4511.214286,,8161,8208,6718,7486,
Madhya Pradesh,2012,2618,2475,2413,2799,2841,2631,2146,1992,2103,2420,2522,2213,29173,4311.285714,,7506,8271,6241,7155,
Madhya Pradesh,2013,2959,2801,2953,2952,3778,3026,2535,2448,2587,2741,2621,2633,34034,5005.785714,,8713,9756,7570,7995,
Madhya Pradesh,2014,3375,3154,3470,3345,4107,3637,3104,2951,2946,3261,3288,3060,39698,5815,,9999,11089,9001,9609,
Maharashtra,2001,3162,3015,3272,3332,3671,3179,2781,2755,2772,3024,3057,3249,37269,5467.071429,641614,9449,10182,8308,9330,
Maharashtra,2002,3424,3087,3506,3538,3970,3273,3036,2960,2881,3225,3197,3464,39561,5794.571429,,10017,10781,8877,9886,
Maharashtra,2003,3699,3373,3234,3430,3998,3584,3421,3537,3494,3774,3651,3827,43022,6289.071429,,10306,11012,10452,11252,
Maharashtra,2004,3928,3713,3677,3714,4289,3811,3430,3262,3474,3605,3693,3943,44539,6505.857143,,11318,11814,10166,11241,
Maharashtra,2005,4078,3694,3832,3877,4637,4126,3564,3410,3456,3794,3933,4185,46586,6798.357143,,11604,12640,10430,11912,
Maharashtra,2006,4062,3741,4129,4271,4881,4194,3705,3497,3705,4197,4084,4421,48887,7127.142857,,11932,13346,10907,12702,
Maharashtra,2007,4572,4318,4481,4795,5206,4400,3839,3850,3784,4090,4349,4291,51975,7568.357143,,13371,14401,11473,12730,
Maharashtra,2008,4376,4260,4479,4839,4726,4096,3738,3588,3560,3886,3854,4277,49679,7240.428571,,13115,13661,10886,12017,
Maharashtra,2009,4126,4024,4199,4373,4691,4097,3531,3737,3921,3916,3895,4355,48865,7124.214286,,12349,13161,11189,12166,
Maharashtra,2010,4383,4036,4314,4401,4861,4393,3925,3679,3938,4049,4226,4414,50619,7374.857143,,12733,13655,11542,12689,
Maharashtra,2011,4332,4052,4155,3928,4675,3976,3674,3439,3520,3511,3732,4126,47120,6875.071429,,12539,12579,10633,11369,
Maharashtra,2012,4110,3760,3896,4031,4071,3865,3539,3384,3374,3508,3523,4186,45247,6607.571429,,11766,11967,10297,11217,
Maharashtra,2013,4013,3689,3978,3798,4460,3653,3215,3081,3206,3304,3434,4032,43863,6409.928571,,11680,11911,9502,10770,
Maharashtra,2014,3978,3714,3920,3847,4258,3784,3546,3450,3298,3291,3478,3818,44382,6484.142857,,11612,11889,10294,10587,
Manipur,2001,39,31,40,48,40,14,21,26,38,41,31,41,410,201.5,8130,110,102,85,113,
Manipur,2002,51,49,44,37,41,36,50,42,42,49,39,40,520,217.2857143,,144,114,134,128,
Manipur,2003,43,40,48,43,42,44,49,48,36,44,45,41,523,217.7857143,,131,129,133,130,
Manipur,2004,34,43,41,42,40,42,20,37,36,30,45,58,468,210,,118,124,93,133,
Manipur,2005,55,57,58,48,50,45,45,38,51,47,51,55,600,228.9285714,,170,143,134,153,
Manipur,2006,50,45,51,44,44,26,36,37,35,43,61,49,521,217.7142857,,146,114,108,153,
Manipur,2007,47,46,57,51,44,42,35,31,44,44,38,59,538,220.2142857,,150,137,110,141,
Manipur,2008,56,41,39,39,34,46,32,31,45,48,42,49,502,215.1428571,,136,119,108,139,
Manipur,2009,40,54,51,41,39,39,58,37,45,58,57,59,578,226.0714286,,145,119,140,174,
Manipur,2010,74,46,49,46,41,30,44,37,54,57,62,62,602,229.5714286,,169,117,135,181,
Manipur,2011,64,66,62,63,52,58,55,54,52,50,59,56,691,242.3571429,,192,173,161,165,
Manipur,2012,67,70,64,69,57,72,62,60,58,64,58,70,771,253.8571429,,201,198,180,192,
Manipur,2013,59,46,57,58,45,46,39,40,63,67,67,84,671,239.6428571,,162,149,142,218,
Manipur,2014,61,59,66,59,62,49,49,53,73,72,59,73,735,248.8571429,,186,170,175,204,
Meghalaya,2001,11,15,13,20,12,11,15,12,9,21,12,10,161,165.9285714,3863,39,43,36,43,
Meghalaya,2002,31,26,43,40,39,31,28,33,43,56,51,44,465,209.4285714,,100,110,104,151,
Meghalaya,2003,33,31,31,31,34,37,33,32,26,27,29,29,373,196.3571429,,95,102,91,85,
Meghalaya,2004,22,21,29,24,31,21,27,30,32,43,28,20,328,190,,72,76,89,91,
Meghalaya,2005,38,30,38,18,27,26,23,25,25,33,17,30,330,190.3571429,,106,71,73,80,
Meghalaya,2006,16,10,17,10,14,16,10,21,15,18,13,16,176,168.4285714,,43,40,46,47,
Meghalaya,2007,19,19,13,13,12,10,13,9,18,5,15,11,157,165.7857143,,51,35,40,31,
Meghalaya,2008,13,9,21,25,24,16,11,18,12,12,15,15,191,170.7142857,,43,65,41,42,
Meghalaya,2009,28,24,36,24,37,23,19,23,18,25,19,38,314,188.3571429,,88,84,60,82,
Meghalaya,2010,23,22,31,24,20,23,20,20,20,14,19,21,257,180.2857143,,76,67,60,54,
Meghalaya,2011,24,25,33,18,20,20,30,22,12,25,13,19,261,180.9285714,,82,58,64,57,
Meghalaya,2012,33,31,28,38,30,31,29,61,22,25,14,13,355,194.4285714,,92,99,112,52,
Meghalaya,2013,20,24,20,14,20,21,16,9,11,14,13,12,194,171.5,,64,55,36,39,
Meghalaya,2014,30,27,20,25,27,28,29,24,26,22,19,24,301,186.8571429,,77,80,79,65,
Mizoram,2001,7,5,9,4,9,5,8,7,4,3,5,6,72,153.2142857,1116,21,18,19,14,
Mizoram,2002,6,0,4,9,3,2,2,4,3,0,2,6,41,148.8571429,,10,14,9,8,
Mizoram,2003,5,8,3,5,8,5,6,5,4,3,9,10,71,153.2142857,,16,18,15,22,
Mizoram,2004,6,0,4,8,3,2,2,2,3,0,2,6,38,148.5714286,,10,13,7,8,
Mizoram,2005,12,8,4,3,2,3,2,5,5,5,7,15,71,153.3571429,,24,8,12,27,
Mizoram,2006,11,4,7,6,6,5,2,6,3,3,9,10,72,153.5714286,,22,17,11,22,
Mizoram,2007,4,4,4,4,3,5,10,7,3,2,4,2,52,150.7857143,,12,12,20,8,
Mizoram,2008,6,7,8,7,6,9,8,5,5,6,12,8,87,155.8571429,,21,22,18,26,
Mizoram,2009,8,4,6,1,3,8,7,7,7,5,8,7,71,153.6428571,,18,12,21,20,
Mizoram,2010,14,18,20,8,13,9,6,6,9,6,8,8,125,161.4285714,,52,30,21,22,
Mizoram,2011,8,5,14,3,13,3,9,4,5,8,10,15,97,157.5,,27,19,18,33,
Mizoram,2012,7,10,7,6,8,2,20,4,12,13,6,15,110,159.4285714,,24,16,36,34,
Mizoram,2013,11,7,18,14,9,8,10,8,6,8,7,8,114,160.0714286,,36,31,24,23,
Mizoram,2014,10,6,15,10,11,4,10,5,6,3,7,8,95,157.4285714,,31,25,21,18,
Nagaland,2001,4,5,7,9,6,8,5,2,4,3,1,6,60,151.5,781,16,23,11,10,
Nagaland,2002,5,1,1,3,3,4,2,1,3,2,2,7,34,147.8571429,,7,10,6,11,
Nagaland,2003,4,8,4,8,5,4,5,3,2,4,5,4,56,151.0714286,,16,17,10,13,
Nagaland,2004,7,8,5,7,0,3,12,6,3,7,6,4,68,152.8571429,,20,10,21,17,
Nagaland,2005,1,8,5,4,0,8,4,5,3,10,2,3,53,150.7857143,,14,12,12,15,
Nagaland,2006,7,6,8,7,6,9,6,6,5,5,4,8,77,154.2857143,,21,22,17,17,
Nagaland,2007,7,7,10,7,7,4,6,6,1,8,3,9,75,154.0714286,,24,18,13,20,
Nagaland,2008,8,10,12,8,10,13,16,3,10,10,12,14,126,161.4285714,,30,31,29,36,
Nagaland,2009,3,4,3,1,5,6,8,4,1,7,1,4,47,150.2142857,,10,12,13,12,
Nagaland,2010,10,10,2,1,2,6,1,5,2,3,1,1,44,149.8571429,,22,9,8,5,
Nagaland,2011,3,3,7,3,4,2,1,0,2,4,2,1,32,148.2142857,,13,9,3,7,
Nagaland,2012,5,4,4,4,4,4,1,1,3,3,5,4,42,149.7142857,,13,12,5,12,
Nagaland,2013,4,6,2,3,2,4,3,6,4,3,2,0,39,149.3571429,,12,9,13,5,
Nagaland,2014,3,2,2,4,2,0,1,3,0,4,0,7,28,147.8571429,,7,6,4,11,
Odisha,2001,573,546,575,593,631,528,449,460,502,486,555,508,6406,1058.071429,115237,1694,1752,1411,1549,
Odisha,2002,563,520,643,595,656,592,559,495,518,568,554,587,6850,1121.571429,,1726,1843,1572,1709,
Odisha,2003,558,583,594,573,619,567,566,493,500,510,530,582,6675,1096.642857,,1735,1759,1559,1622,
Odisha,2004,649,611,684,578,636,624,548,476,577,579,627,689,7278,1182.857143,,1944,1838,1601,1895,
Odisha,2005,670,684,684,679,820,594,609,544,546,538,633,592,7593,1227.928571,,2038,2093,1699,1763,
Odisha,2006,831,614,702,651,700,651,599,522,533,534,600,792,7729,1247.428571,,2147,2002,1654,1926,
Odisha,2007,835,573,722,719,720,638,671,573,569,696,719,779,8214,1316.785714,,2130,2077,1813,2194,
Odisha,2008,752,716,771,794,784,651,644,570,577,600,598,727,8184,1312.571429,,2239,2229,1791,1925,
Odisha,2009,767,756,745,740,776,846,582,675,685,702,763,855,8892,1413.785714,,2268,2362,1942,2320,
Odisha,2010,860,804,827,729,886,816,728,719,698,745,778,823,9413,1488.285714,,2491,2431,2145,2346,
Odisha,2011,841,807,890,779,932,825,763,711,547,710,736,857,9398,1486.214286,,2538,2536,2021,2303,
Odisha,2012,811,745,839,781,818,786,756,671,665,727,755,931,9285,1470.142857,,2395,2385,2092,2413,
Odisha,2013,911,806,912,765,999,809,757,677,707,619,799,919,9680,1526.642857,,2629,2573,2141,2337,
Odisha,2014,896,826,851,726,852,828,756,693,660,776,854,922,9640,1521,,2573,2406,2109,2552,
Puducherry,2001,109,89,122,107,122,106,107,107,97,105,111,104,1286,326.6428571,21189,320,335,311,320,
Puducherry,2002,101,110,131,121,126,140,141,128,120,131,111,124,1484,355,,342,387,389,366,
Puducherry,2003,103,122,142,123,138,131,133,156,147,134,114,143,1586,369.6428571,,367,392,436,391,
Puducherry,2004,137,139,143,126,127,124,145,146,144,161,114,127,1633,376.4285714,,419,377,435,402,
Puducherry,2005,152,164,150,153,138,145,162,159,148,143,121,145,1780,397.5,,466,436,469,409,
Puducherry,2006,120,124,166,125,148,132,125,161,151,130,122,135,1639,377.4285714,,410,405,437,387,
Puducherry,2007,149,126,157,165,138,153,152,139,156,131,149,129,1744,392.5,,432,456,447,409,
Puducherry,2008,127,145,152,153,162,151,142,154,136,155,91,130,1698,386,,424,466,432,376,
Puducherry,2009,148,130,153,148,155,147,126,135,146,160,126,124,1698,386.0714286,,431,450,407,410,
Puducherry,2010,114,132,132,119,126,141,151,127,130,139,104,114,1529,362,,378,386,408,357,
Puducherry,2011,122,105,119,112,116,109,137,144,140,149,117,110,1480,355.0714286,,346,337,421,376,
Puducherry,2012,128,125,159,103,133,131,126,119,115,124,119,128,1510,359.4285714,,412,367,360,371,
Puducherry,2013,102,108,120,139,127,128,126,125,134,129,106,107,1451,351.0714286,,330,394,385,342,
Puducherry,2014,44,64,65,46,59,57,60,58,62,75,44,37,671,239.7142857,,173,162,180,156,
Punjab,2001,130,160,162,159,154,135,146,144,135,165,156,162,1808,401.2142857,46804,452,448,425,483,
Punjab,2002,130,128,122,115,110,130,138,123,134,118,133,127,1508,358.4285714,,380,355,395,378,
Punjab,2003,101,85,107,124,135,142,149,152,147,167,151,143,1603,372.0714286,,293,401,448,461,
Punjab,2004,167,181,163,162,160,163,166,160,195,188,170,161,2036,434,,511,485,521,519,
Punjab,2005,115,196,175,159,167,157,243,151,181,178,210,220,2152,450.6428571,,486,483,575,608,
Punjab,2006,185,182,165,163,182,200,173,187,207,211,187,209,2251,464.8571429,,532,545,567,607,
Punjab,2007,211,179,192,180,187,190,183,203,232,213,214,207,2391,484.9285714,,582,557,618,634,
Punjab,2008,230,191,176,224,197,191,190,177,184,225,221,188,2394,485.4285714,,597,612,551,634,
Punjab,2009,225,237,214,221,191,238,209,206,217,236,256,234,2684,526.9285714,,676,650,632,726,
Punjab,2010,219,195,209,219,200,200,201,187,180,196,214,219,2439,492,,623,619,568,629,
Punjab,2011,517,602,531,536,510,521,522,536,491,585,572,573,6496,1071.642857,,1650,1567,1549,1730,
Punjab,2012,525,550,529,527,502,535,505,480,483,519,610,563,6328,1047.714286,,1604,1564,1468,1692,
Punjab,2013,503,464,555,552,533,487,467,458,482,573,665,584,6323,1047.071429,,1522,1572,1407,1822,
Punjab,2014,495,493,555,524,563,535,491,519,489,568,595,564,6391,1056.857143,,1543,1622,1499,1727,
Rajasthan,2001,1733,1678,1755,1750,1937,1778,1485,1606,1562,1626,1583,1506,19999,2999.928571,323653,5166,5465,4653,4715,
Rajasthan,2002,1506,1567,1707,1738,1978,1878,1747,1632,1836,1716,1696,1570,20571,3081.714286,,4780,5594,5215,4982,
Rajasthan,2003,1795,1664,1707,1762,2101,1967,1837,1779,1840,1977,1907,1597,21933,3276.357143,,5166,5830,5456,5481,
Rajasthan,2004,1933,1939,1999,2124,2161,2021,1815,1697,1944,1889,2057,1664,23243,3463.571429,,5871,6306,5456,5610,
Rajasthan,2005,1804,1715,1971,1964,2429,2123,1920,1844,1843,1920,2055,1527,23115,3445.357143,,5490,6516,5607,5502,
Rajasthan,2006,1948,1926,2052,2110,2438,1998,1901,1726,1776,1984,1855,1634,23348,3478.714286,,5926,6546,5403,5473,
Rajasthan,2007,2051,1918,2054,2252,2270,1931,1822,1935,1945,2018,2084,1605,23885,3555.5,,6023,6453,5702,5707,
Rajasthan,2008,2020,1935,1872,2111,2243,1936,1856,1829,2132,2135,2055,1580,23704,3529.714286,,5827,6290,5817,5770,
Rajasthan,2009,1983,2014,2172,2235,2438,2285,2026,2033,2084,2121,2011,1712,25114,3731.214286,,6169,6958,6143,5844,
Rajasthan,2010,2074,2024,2138,2140,2298,2163,1974,1799,1782,1961,2090,1859,24302,3615.285714,,6236,6601,5555,5910,
Rajasthan,2011,2045,1881,2006,1986,2341,2026,1859,1821,1815,1906,1957,1602,23245,3464.357143,,5932,6353,5495,5465,
Rajasthan,2012,2048,1914,1972,1978,2116,2043,1972,1773,1670,1873,1913,1697,22969,3425,,5934,6137,5415,5483,
Rajasthan,2013,2034,1821,1963,2046,2305,2109,1822,1679,1944,2013,2095,1755,23586,3513.214286,,5818,6460,5445,5863,
Rajasthan,2014,2143,1951,2130,2053,2484,2213,1976,1888,1839,2035,2104,1823,24639,3663.714286,,6224,6750,5703,5962,
Sikkim,2001,9,1,6,5,3,5,0,6,6,5,7,2,55,150.7857143,2646,16,13,12,14,
Sikkim,2002,43,23,50,11,34,40,29,17,25,24,24,31,351,193.1428571,,116,85,71,79,
Sikkim,2003,10,10,8,11,16,16,8,13,8,7,11,13,131,161.7857143,,28,43,29,31,
Sikkim,2004,8,15,12,8,15,22,11,7,11,25,11,14,159,165.8571429,,35,45,29,50,
Sikkim,2005,10,19,13,15,17,16,8,23,12,21,20,15,189,170.2142857,,42,48,43,56,
Sikkim,2006,4,5,6,1,3,1,3,3,1,3,6,3,39,148.8571429,,15,5,7,12,
Sikkim,2007,10,7,21,7,12,12,10,12,8,16,12,23,150,164.7857143,,38,31,30,51,
Sikkim,2008,13,28,16,10,8,13,6,26,13,26,25,12,196,171.4285714,,57,31,45,63,
Sikkim,2009,57,39,28,100,43,47,29,41,46,34,50,50,564,224.0714286,,124,190,116,134,
Sikkim,2010,16,17,18,19,11,18,15,11,18,10,21,12,186,170.1428571,,51,48,44,43,
Sikkim,2011,17,9,22,19,3,7,11,8,8,12,6,7,129,162.0714286,,48,29,27,25,
Sikkim,2012,14,7,8,10,9,15,10,11,10,12,10,7,123,161.2857143,,29,34,31,29,
Sikkim,2013,16,17,33,24,24,17,18,21,17,20,16,21,244,178.6428571,,66,65,56,57,
Sikkim,2014,9,6,15,13,13,11,14,11,19,6,9,4,130,162.4285714,,30,37,44,19,
Tamil Nadu,2001,4174,4264,4724,4442,4465,4453,4370,4437,4378,3985,4261,4025,51978,7568.357143,852073,13162,13360,13185,12271,
Tamil Nadu,2002,4326,4300,4703,4788,4935,4609,4434,4523,4500,4273,3883,4229,53503,7786.285714,,13329,14332,13457,12385,
Tamil Nadu,2003,4278,4114,4341,3928,4244,4378,4177,4337,4555,4397,3973,4303,51025,7432.357143,,12733,12550,13069,12673,
Tamil Nadu,2004,4160,4252,4457,4421,4540,4495,4373,4696,4506,4282,4136,4190,52508,7644.285714,,12869,13456,13575,12608,
Tamil Nadu,2005,9062,8705,9205,9006,9330,5691,4235,4158,4450,4082,3601,3955,75480,10926.07143,,26972,24027,12843,11638,
Tamil Nadu,2006,4435,4322,4781,4808,5082,5029,4365,4891,4575,4320,4007,4530,55145,8021.142857,,13538,14919,13831,12857,
Tamil Nadu,2007,4855,4527,4911,5348,5414,4978,4841,5320,4850,4758,4730,4585,59117,8588.642857,,14293,15740,15011,14073,
Tamil Nadu,2008,4962,4626,5018,5465,5532,5087,4947,5436,4956,4862,4833,4685,60409,8773.285714,,14606,16084,15339,14380,
Tamil Nadu,2009,4950,4802,4927,4956,5406,5241,4975,5227,5332,5288,4723,4967,60794,8828.357143,,14679,15603,15534,14978,
Tamil Nadu,2010,5498,5199,5727,5663,6027,5393,5221,5367,5349,5426,5179,4947,64996,9428.714286,,16424,17083,15937,15552,
Tamil Nadu,2011,5522,5228,5821,5461,6018,5879,5706,5162,5688,5107,4937,5344,65873,9554.071429,,16571,17358,16556,15388,
Tamil Nadu,2012,5868,5646,5813,5819,5896,5646,5688,5815,5283,5444,5367,5472,67757,9823.285714,,17327,17361,16786,16283,
Tamil Nadu,2013,5881,5337,5741,5599,5914,5593,5311,5470,5597,5313,5268,5214,66238,9606.357143,,16959,17106,16378,15795,
Tamil Nadu,2014,5658,5293,5824,5303,5711,5915,5719,5936,5777,5516,5036,5562,67250,9751,,16775,16929,17432,16114,
Tripura,2001,53,52,63,44,36,55,50,37,36,41,35,42,544,220.6428571,10534,168,135,123,118,
Tripura,2002,47,38,56,44,60,54,65,51,54,42,59,54,624,232.1428571,,141,158,170,155,
Tripura,2003,73,51,51,45,57,52,61,51,60,64,61,50,676,239.6428571,,175,154,172,175,
Tripura,2004,49,42,57,44,56,58,54,53,39,63,66,64,645,235.2857143,,148,158,146,193,
Tripura,2005,57,55,53,42,54,65,52,54,59,61,48,62,662,237.7857143,,165,161,165,171,
Tripura,2006,70,50,62,67,74,52,69,55,68,73,80,73,793,256.5714286,,182,193,192,226,
Tripura,2007,59,85,70,66,69,67,51,58,71,60,58,87,801,257.7857143,,214,202,180,205,
Tripura,2008,51,56,66,70,72,55,64,74,78,65,57,59,767,253,,173,197,216,181,
Tripura,2009,68,93,78,61,77,63,55,76,65,63,72,94,865,267.0714286,,239,201,196,229,
Tripura,2010,76,66,81,77,65,68,72,77,86,72,83,78,901,272.2857143,,223,210,235,233,
Tripura,2011,85,57,81,64,55,67,54,72,50,78,79,92,834,262.7857143,,223,186,176,249,
Tripura,2012,83,85,69,72,82,66,65,70,75,76,64,81,888,270.5714286,,237,220,210,221,
Tripura,2013,66,50,63,72,64,70,69,61,68,76,81,78,818,260.6428571,,179,206,198,235,
Tripura,2014,65,74,81,63,72,46,64,53,54,60,38,46,716,246.1428571,,220,181,171,144,
Uttar Pradesh,2001,1695,1737,1652,1663,1733,1027,1310,1478,1626,1439,1231,1330,17921,2703.071429,274528,5084,4423,4414,4000,
Uttar Pradesh,2002,1237,1164,1270,1194,1349,1363,1169,1113,1099,1100,1233,1166,14457,2208.285714,,3671,3906,3381,3499,
Uttar Pradesh,2003,1049,955,911,868,996,908,873,815,794,938,1065,1182,11354,1765.071429,,2915,2772,2482,3185,
Uttar Pradesh,2004,1309,1309,1285,1004,1174,1062,1093,1227,1164,1201,1198,1348,14374,2196.571429,,3903,3240,3484,3747,
Uttar Pradesh,2005,1266,1220,1334,1114,1422,1302,1182,1251,1080,1107,1153,1258,14689,2241.642857,,3820,3838,3513,3518,
Uttar Pradesh,2006,1608,1605,1389,1160,1280,1343,1201,1252,1226,1204,1227,1712,16207,2458.571429,,4602,3783,3679,4143,
Uttar Pradesh,2007,1647,1570,1568,1495,1511,1461,1443,1392,1394,1393,1514,1643,18031,2719.214286,,4785,4467,4229,4550,
Uttar Pradesh,2008,1799,1624,1664,1555,1478,1483,1528,1411,1489,1569,1631,1833,19064,2866.857143,,5087,4516,4428,5033,
Uttar Pradesh,2009,2010,1758,1834,1802,1912,1747,1683,1754,1694,1791,2071,1929,21985,3284.214286,,5602,5461,5131,5791,
Uttar Pradesh,2010,2213,2123,2284,2060,2171,2320,2022,1914,1862,1929,2131,2387,25416,3774.428571,,6620,6551,5798,6447,
Uttar Pradesh,2011,2045,2088,2145,1905,2178,2189,1842,1948,1879,1909,2150,2235,24513,3645.5,,6278,6272,5669,6294,
Uttar Pradesh,2012,2101,2030,2100,2066,2380,2167,2037,1759,1670,1803,2055,2310,24478,3640.571429,,6231,6613,5466,6168,
Uttar Pradesh,2013,2290,2150,2235,2225,2554,2227,2035,1951,1871,1922,2149,2366,25975,3854.5,,6675,7006,5857,6437,
Uttar Pradesh,2014,2550,2311,2217,2067,2265,2209,2086,2017,1824,2023,2170,2325,26064,3867.285714,,7078,6541,5927,6518,
Uttarakhand,2001,78,88,83,74,94,84,86,81,82,74,84,95,1003,286.2142857,18192,249,252,249,253,
Uttarakhand,2002,87,76,79,106,111,121,85,97,68,94,96,97,1117,302.5714286,,242,338,250,287,
Uttarakhand,2003,80,87,78,91,120,106,113,106,84,105,106,110,1186,312.5,,245,317,303,321,
Uttarakhand,2004,113,99,103,97,115,122,110,81,81,105,114,112,1252,322,,315,334,272,331,1337.868111
Uttarakhand,2005,120,94,96,89,129,141,106,93,112,99,124,129,1332,333.5,,310,359,311,352,
Uttarakhand,2006,108,118,149,124,100,116,124,115,110,135,116,146,1461,352,,375,340,349,397,
Uttarakhand,2007,133,116,124,134,148,136,119,118,131,104,116,143,1522,360.7857143,,373,418,368,363,
Uttarakhand,2008,138,126,138,119,133,125,143,73,81,108,116,109,1409,344.7142857,,402,377,297,333,
Uttarakhand,2009,99,112,101,134,115,137,124,101,91,99,133,137,1383,341.0714286,,312,386,316,369,
Uttarakhand,2010,86,108,128,127,125,145,148,128,95,129,136,124,1479,354.8571429,,322,397,371,389,
Uttarakhand,2011,114,118,119,124,135,133,112,100,115,125,149,151,1495,357.2142857,,351,392,327,425,
Uttarakhand,2012,112,152,122,137,127,138,108,123,82,118,125,111,1455,351.5714286,,386,402,313,354,
Uttarakhand,2013,84,91,118,102,167,120,94,81,104,112,97,127,1297,329.0714286,,293,389,279,336,
Uttarakhand,2014,58,43,65,64,77,62,61,72,69,83,76,71,801,258.2857143,,166,203,202,230,
West Bengal,2001,897,908,948,1039,952,972,915,990,953,823,935,1098,11430,1775.785714,189375,2753,2963,2858,2856,
West Bengal,2002,894,932,942,1041,911,854,915,919,922,961,940,1006,11237,1748.285714,,2768,2806,2756,2907,
West Bengal,2003,916,930,1084,975,909,980,1054,934,945,823,842,983,11375,1768.071429,,2930,2864,2933,2648,
West Bengal,2004,1044,1001,1197,1085,1086,1043,964,900,869,977,898,1088,12152,1879.142857,,3242,3214,2733,2963,
West Bengal,2005,1036,1061,1084,1035,1096,1049,998,926,887,975,979,1055,12181,1883.357143,,3181,3180,2811,3009,
West Bengal,2006,1112,1093,1187,1053,1124,1153,1011,1105,1009,1026,1081,1131,13085,2012.571429,,3392,3330,3125,3238,
West Bengal,2007,1134,1051,1275,1240,1157,1269,1176,1050,1165,1133,1068,1236,13954,2136.785714,,3460,3666,3391,3437,
West Bengal,2008,974,919,1097,1013,1069,1000,875,924,908,941,880,947,11547,1793,,2990,3082,2707,2768,
West Bengal,2009,1231,1150,1183,1101,1158,1180,1162,1104,1171,1161,1176,1182,13959,2137.642857,,3564,3439,3437,3519,
West Bengal,2010,1245,1150,1349,1246,1172,1284,1231,1190,1128,1227,1251,1252,14725,2247.142857,,3744,3702,3549,3730,
West Bengal,2011,1350,1179,1314,1148,1220,1241,1185,1074,1112,1214,1161,1270,14468,2210.5,,3843,3609,3371,3645,
West Bengal,2012,1346,1383,1357,1270,1352,1434,1349,1204,1112,1251,1179,1371,15608,2373.428571,,4086,4056,3665,3801,
West Bengal,2013,1564,1382,1474,1392,1629,1391,1315,1208,1228,1299,1335,1332,16549,2507.928571,,4420,4412,3751,3966,
West Bengal,2014,1516,1398,1473,1385,1527,1439,1416,1356,1391,1395,1415,1394,17105,2587.428571,,4387,4351,4163,4204,
,,,,,,,,,,,,,,,,,,,,,
TOTAL,,482719,459272,486141,479663,521563,473574,440263,438351,435302,454961,457192,473905,,,,,,,,
,,476044,,,491600,,,437972,,,462019.3333,,,,,,,,,,
